{
  "experiment": "IoU Threshold Analysis",
  "timestamp": "2025-12-11 22:15:59",
  "results": {
    "label": {
      "noise_type": "label",
      "auroc_by_iou": {
        "0.3": 0.7995391705069126,
        "0.4": 0.7910557184750733,
        "0.5": 0.7876304023845008,
        "0.6": 0.8092592592592591,
        "0.7": 0.8160919540229885
      }
    },
    "location_25": {
      "noise_type": "location",
      "auroc_by_iou": {
        "0.3": 0.8666666666666667,
        "0.4": 0.8571428571428572,
        "0.5": 0.0,
        "0.6": 0.0,
        "0.7": 0.0
      }
    },
    "scale_25": {
      "noise_type": "scale",
      "auroc_by_iou": {
        "0.3": 0.5116823748518539,
        "0.4": 0.512754670128111,
        "0.5": 0.5143207855973814,
        "0.6": 0.5164089395564084,
        "0.7": 0.5541226931542412
      }
    },
    "spurious": {
      "noise_type": "spurious",
      "auroc_by_iou": {
        "0.3": 0.5,
        "0.4": 0.5,
        "0.5": 0.5,
        "0.6": 0.5,
        "0.7": 0.5
      }
    },
    "missing": {
      "noise_type": "missing",
      "auroc_by_iou": {
        "0.3": 0.0,
        "0.4": 0.0,
        "0.5": 0.0,
        "0.6": 0.0,
        "0.7": 0.0
      }
    }
  },
  "best_analysis": {
    "best_iou": 0.3,
    "best_mean_auroc": 0.6694720530063583,
    "iou_averages": {
      "0.3": {
        "mean": 0.6694720530063583,
        "std": 0.16539462657069098,
        "count": 4
      },
      "0.4": {
        "mean": 0.6652383114365104,
        "std": 0.16063338305729336,
        "count": 4
      },
      "0.5": {
        "mean": 0.6006503959939608,
        "std": 0.13234402975423898,
        "count": 3
      },
      "0.6": {
        "mean": 0.6085560662718892,
        "std": 0.1420766039403522,
        "count": 3
      },
      "0.7": {
        "mean": 0.62340488239241,
        "std": 0.1380303038194701,
        "count": 3
      }
    }
  }
}