{
  "label": {
    "noise_type": "label",
    "auroc_by_iou": {
      "0.3": 0.7995391705069126,
      "0.4": 0.7910557184750733,
      "0.5": 0.7876304023845008,
      "0.6": 0.8092592592592591,
      "0.7": 0.8160919540229885
    }
  },
  "location_25": {
    "noise_type": "location",
    "auroc_by_iou": {
      "0.3": 0.8666666666666667,
      "0.4": 0.8571428571428572,
      "0.5": 0.0,
      "0.6": 0.0,
      "0.7": 0.0
    }
  },
  "scale_25": {
    "noise_type": "scale",
    "auroc_by_iou": {
      "0.3": 0.5116823748518539,
      "0.4": 0.512754670128111,
      "0.5": 0.5143207855973814,
      "0.6": 0.5164089395564084,
      "0.7": 0.5541226931542412
    }
  },
  "spurious": {
    "noise_type": "spurious",
    "auroc_by_iou": {
      "0.3": 0.5,
      "0.4": 0.5,
      "0.5": 0.5,
      "0.6": 0.5,
      "0.7": 0.5
    }
  },
  "missing": {
    "noise_type": "missing",
    "auroc_by_iou": {
      "0.3": 0.0,
      "0.4": 0.0,
      "0.5": 0.0,
      "0.6": 0.0,
      "0.7": 0.0
    }
  }
}